{
  "frames": {
    "idle_0000": {
      "frame": { "x": 11, "y": 11, "w": 27, "h": 27 },
      "rotated": false,
      "trimmed": false,
      "spriteSourceSize": { "x": 0, "y": 0, "w": 27, "h": 27 },
      "sourceSize": { "w": 27, "h": 27 }
    },
    "idle_0001": {
      "frame": { "x": 59, "y": 11, "w": 27, "h": 27 },
      "rotated": false,
      "trimmed": false,
      "spriteSourceSize": { "x": 0, "y": 0, "w": 27, "h": 27 },
      "sourceSize": { "w": 27, "h": 27 }
    },
    "idle_0002": {
      "frame": { "x": 107, "y": 11, "w": 25, "h": 25 },
      "rotated": false,
      "trimmed": false,
      "spriteSourceSize": { "x": 0, "y": 0, "w": 25, "h": 25 },
      "sourceSize": { "w": 25, "h": 25 }
    },
    "idle_0003": {
      "frame": { "x": 155, "y": 11, "w": 27, "h": 27 },
      "rotated": false,
      "trimmed": false,
      "spriteSourceSize": { "x": 0, "y": 0, "w": 27, "h": 27 },
      "sourceSize": { "w": 27, "h": 27 }
    },
    "idle_0004": {
      "frame": { "x": 203, "y": 11, "w": 27, "h": 27 },
      "rotated": false,
      "trimmed": false,
      "spriteSourceSize": { "x": 0, "y": 0, "w": 27, "h": 27 },
      "sourceSize": { "w": 27, "h": 27 }
    },
    "idle_0005": {
      "frame": { "x": 251, "y": 11, "w": 27, "h": 27 },
      "rotated": false,
      "trimmed": false,
      "spriteSourceSize": { "x": 0, "y": 0, "w": 27, "h": 27 },
      "sourceSize": { "w": 27, "h": 27 }
    },
    "idle_0006": {
      "frame": { "x": 299, "y": 11, "w": 27, "h": 27 },
      "rotated": false,
      "trimmed": false,
      "spriteSourceSize": { "x": 0, "y": 0, "w": 27, "h": 27 },
      "sourceSize": { "w": 27, "h": 27 }
    },
    "idle_0007": {
      "frame": { "x": 347, "y": 11, "w": 27, "h": 27 },
      "rotated": false,
      "trimmed": false,
      "spriteSourceSize": { "x": 0, "y": 0, "w": 27, "h": 27 },
      "sourceSize": { "w": 27, "h": 27 }
    },
    "idle_0008": {
      "frame": { "x": 395, "y": 11, "w": 27, "h": 27 },
      "rotated": false,
      "trimmed": false,
      "spriteSourceSize": { "x": 0, "y": 0, "w": 27, "h": 27 },
      "sourceSize": { "w": 27, "h": 27 }
    },
    "idle_0009": {
      "frame": { "x": 443, "y": 11, "w": 27, "h": 27 },
      "rotated": false,
      "trimmed": false,
      "spriteSourceSize": { "x": 0, "y": 0, "w": 27, "h": 27 },
      "sourceSize": { "w": 27, "h": 27 }
    },
    "idle_0010": {
      "frame": { "x": 491, "y": 11, "w": 27, "h": 27 },
      "rotated": false,
      "trimmed": false,
      "spriteSourceSize": { "x": 0, "y": 0, "w": 27, "h": 27 },
      "sourceSize": { "w": 27, "h": 27 }
    },
    "idle_0011": {
      "frame": { "x": 539, "y": 11, "w": 27, "h": 27 },
      "rotated": false,
      "trimmed": false,
      "spriteSourceSize": { "x": 0, "y": 0, "w": 27, "h": 27 },
      "sourceSize": { "w": 27, "h": 27 }
    },
    "idle_0012": {
      "frame": { "x": 587, "y": 11, "w": 27, "h": 27 },
      "rotated": false,
      "trimmed": false,
      "spriteSourceSize": { "x": 0, "y": 0, "w": 27, "h": 27 },
      "sourceSize": { "w": 27, "h": 27 }
    },
    "idle_0013": {
      "frame": { "x": 635, "y": 11, "w": 27, "h": 27 },
      "rotated": false,
      "trimmed": false,
      "spriteSourceSize": { "x": 0, "y": 0, "w": 27, "h": 27 },
      "sourceSize": { "w": 27, "h": 27 }
    },
    "idle_0014": {
      "frame": { "x": 683, "y": 11, "w": 27, "h": 27 },
      "rotated": false,
      "trimmed": false,
      "spriteSourceSize": { "x": 0, "y": 0, "w": 27, "h": 27 },
      "sourceSize": { "w": 27, "h": 27 }
    },
    "idle_0015": {
      "frame": { "x": 731, "y": 11, "w": 27, "h": 27 },
      "rotated": false,
      "trimmed": false,
      "spriteSourceSize": { "x": 0, "y": 0, "w": 27, "h": 27 },
      "sourceSize": { "w": 27, "h": 27 }
    },
    "idle_0016": {
      "frame": { "x": 779, "y": 11, "w": 27, "h": 27 },
      "rotated": false,
      "trimmed": false,
      "spriteSourceSize": { "x": 0, "y": 0, "w": 27, "h": 27 },
      "sourceSize": { "w": 27, "h": 27 }
    },
    "idle_0017": {
      "frame": { "x": 827, "y": 11, "w": 27, "h": 27 },
      "rotated": false,
      "trimmed": false,
      "spriteSourceSize": { "x": 0, "y": 0, "w": 27, "h": 27 },
      "sourceSize": { "w": 27, "h": 27 }
    },
    "explosion_0000": {
      "frame": { "x": 866, "y": 2, "w": 45, "h": 45 },
      "rotated": false,
      "trimmed": false,
      "spriteSourceSize": { "x": 0, "y": 0, "w": 45, "h": 45 },
      "sourceSize": { "w": 45, "h": 45 }
    },
    "explosion_0001": {
      "frame": { "x": 916, "y": 3, "w": 41, "h": 43 },
      "rotated": false,
      "trimmed": false,
      "spriteSourceSize": { "x": 0, "y": 0, "w": 41, "h": 43 },
      "sourceSize": { "w": 41, "h": 43 }
    },
    "explosion_0002": {
      "frame": { "x": 965, "y": 5, "w": 40, "h": 40 },
      "rotated": false,
      "trimmed": false,
      "spriteSourceSize": { "x": 0, "y": 0, "w": 40, "h": 40 },
      "sourceSize": { "w": 40, "h": 40 }
    },
    "explosion_0003": {
      "frame": { "x": 1013, "y": 5, "w": 40, "h": 40 },
      "rotated": false,
      "trimmed": false,
      "spriteSourceSize": { "x": 0, "y": 0, "w": 40, "h": 40 },
      "sourceSize": { "w": 40, "h": 40 }
    },
    "explosion_0004": {
      "frame": { "x": 1065, "y": 8, "w": 30, "h": 33 },
      "rotated": false,
      "trimmed": false,
      "spriteSourceSize": { "x": 0, "y": 0, "w": 30, "h": 33 },
      "sourceSize": { "w": 30, "h": 33 }
    },
    "explosion_0005": {
      "frame": { "x": 1115, "y": 9, "w": 25, "h": 33 },
      "rotated": false,
      "trimmed": false,
      "spriteSourceSize": { "x": 0, "y": 0, "w": 25, "h": 33 },
      "sourceSize": { "w": 25, "h": 33 }
    },
    "explosion_0006": {
      "frame": { "x": 1163, "y": 11, "w": 26, "h": 28 },
      "rotated": false,
      "trimmed": false,
      "spriteSourceSize": { "x": 0, "y": 0, "w": 26, "h": 28 },
      "sourceSize": { "w": 26, "h": 28 }
    },
    "explosion_0007": {
      "frame": { "x": 1210, "y": 8, "w": 29, "h": 33 },
      "rotated": false,
      "trimmed": false,
      "spriteSourceSize": { "x": 0, "y": 0, "w": 29, "h": 33 },
      "sourceSize": { "w": 29, "h": 33 }
    }
  },
  "meta": {
    "app": "https://www.leshylabs.com/apps/sstool/",
    "version": "Leshy SpriteSheet Tool v0.8.4",
    "image": "spritesheet.png",
    "size": { "w": 1248, "h": 48 },
    "scale": 1
  }
}
